<?xml version="1.0" encoding="utf-8"?>
<!--Copyright (c) 2008 PayFast (Pty) Ltd
You (being anyone who is not PayFast (Pty) Ltd) may download and use this plugin / code in your own website in conjunction with a registered and active PayFast account. If your PayFast account is terminated for any reason, you may not use this plugin / code or part thereof.
Except as expressly indicated in this licence, you may not use, copy, modify or distribute this plugin / code or part thereof in any way.-->
<extension version="1.0.0" type="plugin" group="system" method="upgrade">
    <name>RSEvents!Pro PayFast payment plugin</name>
    <author>PayFast</author>
    <creationDate>17 February 2012</creationDate>
    <copyright>Copyright (C) 2007-2014 PayFast.co.za All rights reserved.</copyright>
    <license>GPLv2.0</license>
    <authorEmail>support@payfast.co.za</authorEmail>
    <authorUrl>www.payfast.co.za</authorUrl>
    <version>1.0.0</version>
    <description>RSEvents!Pro payfast plugin. &lt;font color="red"&gt;Make sure you publish the plugin&lt;/font&gt;</description>
    
    <files>
        <filename plugin="rsepropayfast">rsepropayfast.php</filename>
        <filename>payfast_common.inc</filename>
        <filename>index.html</filename>
    </files>
    
    <languages>
        <language tag="en-GB">en-GB.plg_system_rsepropayfast.ini</language>
    </languages>
    
    <config>
        <fields name="params">
            <fieldset name="basic">
                <field type="text" name="payfast_merchantId" default="10000103" value="" size="55" label="COM_RSEVENTSPRO_PLG_PLUGIN_PAYFAST_MERCHANT_ID" description="COM_RSEVENTSPRO_PLG_PLUGIN_PAYFAST_MERCHANT_ID_DESC"/>
                <field type="text" name="payfast_merchantKey" default="479f49451e829" value="" size="55" label="COM_RSEVENTSPRO_PLG_PLUGIN_PAYFAST_MERCHANT_KEY" description="COM_RSEVENTSPRO_PLG_PLUGIN_PAYFAST_MERCHANT_KEY_DESC"/>  
                <field type="text" name="payfast_return_url" default="" value="" size="55" label="COM_RSEVENTSPRO_PLG_PLUGIN_PAYFAST_RETURN_URL" description="COM_RSEVENTSPRO_PLG_PLUGIN_PAYFAST_RETURN_URL_DESC"/>
                <field type="text" name="payfast_cancel_url" default="" value="" size="55" label="COM_RSEVENTSPRO_PLG_PLUGIN_PAYFAST_CANCEL_URL" description="COM_RSEVENTSPRO_PLG_PLUGIN_PAYFAST_CANCEL_URL_DESC"/>
                <field name="payfast_mode" type="radio" class="btn-group" default="0" label="COM_RSEVENTSPRO_PLG_PLUGIN_PAYFAST_MODE" description="COM_RSEVENTSPRO_PLG_PLUGIN_PAYFAST_MODE_DESC">
                    <option value="0">COM_RSEVENTSPRO_PLG_PLUGIN_PAYFAST_MODE_TEST</option>
                    <option value="1">COM_RSEVENTSPRO_PLG_PLUGIN_PAYFAST_MODE_LIVE</option>
                </field>
                <field name="payfast_debug" type="radio" class="btn-group" default="0" label="COM_RSEVENTSPRO_PLG_PLUGIN_PAYFAST_DEBUG" description="COM_RSEVENTSPRO_PLG_PLUGIN_PAYFAST_DEBUG_DESC">
                    <option value="0">COM_RSEVENTSPRO_PLG_PLUGIN_PAYFAST_DEBUG_OFF</option>
                    <option value="1">COM_RSEVENTSPRO_PLG_PLUGIN_PAYFAST_DEBUG_ON</option>
                </field>
            </fieldset>
        </fields>
    </config>
</extension>